{"MAX_Pos0b2.png45765": {"filename": "MAX_Pos0b2.png", "size": 45765, "regions": {"0": {"shape_attributes": {"name": "circle", "cx": 301, "cy": 255, "r": 11}, "region_attributes": {"cell": ""}}, "1": {"shape_attributes": {"name": "circle", "cx": 327, "cy": 256, "r": 13}, "region_attributes": {"cell": ""}}, "2": {"shape_attributes": {"name": "circle", "cx": 354, "cy": 213, "r": 11.761}, "region_attributes": {"cell": ""}}, "3": {"shape_attributes": {"name": "circle", "cx": 378, "cy": 211, "r": 16}, "region_attributes": {"cell": ""}}}, "file_attributes": {}}, "MAX_Pos0b3.png63078": {"filename": "MAX_Pos0b3.png", "size": 63078, "regions": {"0": {"shape_attributes": {"name": "circle", "cx": 557, "cy": 150, "r": 14}, "region_attributes": {"cell": ""}}, "1": {"shape_attributes": {"name": "circle", "cx": 544, "cy": 240, "r": 16}, "region_attributes": {"cell": ""}}, "2": {"shape_attributes": {"name": "circle", "cx": 571, "cy": 331, "r": 17}, "region_attributes": {"cell": ""}}, "3": {"shape_attributes": {"name": "circle", "cx": 590, "cy": 383, "r": 12}, "region_attributes": {"cell": ""}}, "4": {"shape_attributes": {"name": "circle", "cx": 607, "cy": 403, "r": 11}, "region_attributes": {"cell": ""}}}, "file_attributes": {}}, "MAX_Pos0b4.png86091": {"filename": "MAX_Pos0b4.png", "size": 86091, "regions": {"0": {"shape_attributes": {"name": "circle", "cx": 744, "cy": 205, "r": 14}, "region_attributes": {"cell": ""}}, "1": {"shape_attributes": {"name": "circle", "cx": 807, "cy": 189, "r": 9}, "region_attributes": {"cell": ""}}, "2": {"shape_attributes": {"name": "circle", "cx": 737, "cy": 287, "r": 15}, "region_attributes": {"cell": ""}}, "3": {"shape_attributes": {"name": "circle", "cx": 824, "cy": 286, "r": 11}, "region_attributes": {"cell": ""}}, "4": {"shape_attributes": {"name": "circle", "cx": 847, "cy": 390, "r": 14}, "region_attributes": {"cell": ""}}, "5": {"shape_attributes": {"name": "circle", "cx": 839, "cy": 327, "r": 17}, "region_attributes": {"cell": ""}}}, "file_attributes": {}}, "MAX_Pos0b5.png101941": {"filename": "MAX_Pos0b5.png", "size": 101941, "regions": {"0": {"shape_attributes": {"name": "circle", "cx": 1314, "cy": 143, "r": 33}, "region_attributes": {"cell": ""}}, "1": {"shape_attributes": {"name": "circle", "cx": 1264, "cy": 157, "r": 14}, "region_attributes": {"cell": ""}}, "2": {"shape_attributes": {"name": "circle", "cx": 1369, "cy": 119, "r": 21}, "region_attributes": {"cell": ""}}, "3": {"shape_attributes": {"name": "circle", "cx": 1383, "cy": 223, "r": 18.047}, "region_attributes": {"cell": ""}}, "4": {"shape_attributes": {"name": "circle", "cx": 1417, "cy": 287, "r": 18}, "region_attributes": {"cell": ""}}, "5": {"shape_attributes": {"name": "circle", "cx": 1383, "cy": 320, "r": 18.818}, "region_attributes": {"cell": ""}}}, "file_attributes": {}}, "MAX_Pos0b6.png64377": {"filename": "MAX_Pos0b6.png", "size": 64377, "regions": {"0": {"shape_attributes": {"name": "circle", "cx": 1656, "cy": 308, "r": 16}, "region_attributes": {"cell": ""}}, "1": {"shape_attributes": {"name": "circle", "cx": 1677, "cy": 319, "r": 14}, "region_attributes": {"cell": ""}}, "2": {"shape_attributes": {"name": "circle", "cx": 1640, "cy": 260, "r": 20}, "region_attributes": {"cell": ""}}, "3": {"shape_attributes": {"name": "circle", "cx": 1566, "cy": 207, "r": 18.087}, "region_attributes": {"cell": ""}}, "4": {"shape_attributes": {"name": "circle", "cx": 1598, "cy": 142, "r": 13.539}, "region_attributes": {"cell": ""}}, "5": {"shape_attributes": {"name": "circle", "cx": 1618, "cy": 128, "r": 14}, "region_attributes": {"cell": ""}}, "6": {"shape_attributes": {"name": "circle", "cx": 1680, "cy": 215, "r": 19.526}, "region_attributes": {"cell": ""}}, "7": {"shape_attributes": {"name": "circle", "cx": 1623, "cy": 187, "r": 16}, "region_attributes": {"cell": ""}}}, "file_attributes": {}}, "MAX_Pos0b7.png46826": {"filename": "MAX_Pos0b7.png", "size": 46826, "regions": {"0": {"shape_attributes": {"name": "circle", "cx": 1961, "cy": 134, "r": 17}, "region_attributes": {"cell": ""}}, "1": {"shape_attributes": {"name": "circle", "cx": 1922, "cy": 139, "r": 16}, "region_attributes": {"cell": ""}}}, "file_attributes": {}}, "MAX_Pos0b8.png82671": {"filename": "MAX_Pos0b8.png", "size": 82671, "regions": {"0": {"shape_attributes": {"name": "circle", "cx": 245, "cy": 492, "r": 14}, "region_attributes": {"cell": ""}}, "1": {"shape_attributes": {"name": "circle", "cx": 296, "cy": 420, "r": 35.156}, "region_attributes": {"cell": ""}}, "2": {"shape_attributes": {"name": "circle", "cx": 276, "cy": 521, "r": 15}, "region_attributes": {"cell": ""}}, "3": {"shape_attributes": {"name": "circle", "cx": 286, "cy": 545, "r": 12}, "region_attributes": {"cell": ""}}, "4": {"shape_attributes": {"name": "circle", "cx": 224, "cy": 501, "r": 11}, "region_attributes": {"cell": ""}}, "5": {"shape_attributes": {"name": "circle", "cx": 304, "cy": 350, "r": 15}, "region_attributes": {"cell": ""}}, "6": {"shape_attributes": {"name": "circle", "cx": 330, "cy": 533, "r": 13}, "region_attributes": {"cell": ""}}}, "file_attributes": {}}, "MAX_Pos0b9.png74643": {"filename": "MAX_Pos0b9.png", "size": 74643, "regions": {"0": {"shape_attributes": {"name": "circle", "cx": 655, "cy": 524, "r": 15.931}, "region_attributes": {"cell": ""}}, "1": {"shape_attributes": {"name": "circle", "cx": 683, "cy": 599, "r": 19}, "region_attributes": {"cell": ""}}, "2": {"shape_attributes": {"name": "circle", "cx": 606, "cy": 580, "r": 16}, "region_attributes": {"cell": ""}}}, "file_attributes": {}}, "MAX_Pos0b10.png57386": {"filename": "MAX_Pos0b10.png", "size": 57386, "regions": {"0": {"shape_attributes": {"name": "circle", "cx": 1010, "cy": 513, "r": 17}, "region_attributes": {"cell": ""}}, "1": {"shape_attributes": {"name": "circle", "cx": 1041, "cy": 529, "r": 12}, "region_attributes": {"cell": ""}}, "2": {"shape_attributes": {"name": "circle", "cx": 1016, "cy": 560, "r": 13}, "region_attributes": {"cell": ""}}, "3": {"shape_attributes": {"name": "circle", "cx": 1005, "cy": 542, "r": 10}, "region_attributes": {"cell": ""}}, "4": {"shape_attributes": {"name": "circle", "cx": 985, "cy": 550, "r": 11}, "region_attributes": {"cell": ""}}, "5": {"shape_attributes": {"name": "circle", "cx": 943, "cy": 610, "r": 13.542}, "region_attributes": {"cell": ""}}, "6": {"shape_attributes": {"name": "circle", "cx": 939, "cy": 560, "r": 13}, "region_attributes": {"cell": ""}}, "7": {"shape_attributes": {"name": "circle", "cx": 944, "cy": 537, "r": 13}, "region_attributes": {"cell": ""}}}, "file_attributes": {}}, "MAX_Pos0b11.png105631": {"filename": "MAX_Pos0b11.png", "size": 105631, "regions": {"0": {"shape_attributes": {"name": "circle", "cx": 1540, "cy": 701, "r": 19}, "region_attributes": {"cell": ""}}, "1": {"shape_attributes": {"name": "circle", "cx": 1597, "cy": 678, "r": 16}, "region_attributes": {"cell": ""}}, "2": {"shape_attributes": {"name": "circle", "cx": 1516, "cy": 594, "r": 18}, "region_attributes": {"cell": ""}}, "3": {"shape_attributes": {"name": "circle", "cx": 1461, "cy": 538, "r": 23.113}, "region_attributes": {"cell": ""}}, "4": {"shape_attributes": {"name": "circle", "cx": 1468, "cy": 609, "r": 14}, "region_attributes": {"cell": ""}}, "5": {"shape_attributes": {"name": "circle", "cx": 1481, "cy": 577, "r": 14}, "region_attributes": {"cell": ""}}, "6": {"shape_attributes": {"name": "circle", "cx": 1418, "cy": 573, "r": 14}, "region_attributes": {"cell": ""}}}, "file_attributes": {}}, "MAX_Pos0b12.png82865": {"filename": "MAX_Pos0b12.png", "size": 82865, "regions": {"0": {"shape_attributes": {"name": "circle", "cx": 1922, "cy": 518, "r": 20}, "region_attributes": {"cell": ""}}, "1": {"shape_attributes": {"name": "circle", "cx": 1924, "cy": 427, "r": 13}, "region_attributes": {"cell": ""}}, "2": {"shape_attributes": {"name": "circle", "cx": 1931, "cy": 464, "r": 13}, "region_attributes": {"cell": ""}}, "3": {"shape_attributes": {"name": "circle", "cx": 1864, "cy": 401, "r": 18}, "region_attributes": {"cell": ""}}}, "file_attributes": {}}, "MAX_Pos0b13.png105512": {"filename": "MAX_Pos0b13.png", "size": 105512, "regions": {"0": {"shape_attributes": {"name": "circle", "cx": 607, "cy": 914, "r": 26}, "region_attributes": {"cell": ""}}, "1": {"shape_attributes": {"name": "circle", "cx": 579, "cy": 940, "r": 15}, "region_attributes": {"cell": ""}}, "2": {"shape_attributes": {"name": "circle", "cx": 471, "cy": 909, "r": 17}, "region_attributes": {"cell": ""}}, "3": {"shape_attributes": {"name": "circle", "cx": 416, "cy": 886, "r": 14}, "region_attributes": {"cell": ""}}, "4": {"shape_attributes": {"name": "circle", "cx": 412, "cy": 863, "r": 12}, "region_attributes": {"cell": ""}}, "5": {"shape_attributes": {"name": "circle", "cx": 477, "cy": 768, "r": 12}, "region_attributes": {"cell": ""}}}, "file_attributes": {}}, "MAX_Pos0b14.png90721": {"filename": "MAX_Pos0b14.png", "size": 90721, "regions": {"0": {"shape_attributes": {"name": "circle", "cx": 891, "cy": 714, "r": 17}, "region_attributes": {"cell": ""}}, "1": {"shape_attributes": {"name": "circle", "cx": 1035, "cy": 803, "r": 16}, "region_attributes": {"cell": ""}}, "2": {"shape_attributes": {"name": "circle", "cx": 1092, "cy": 830, "r": 18}, "region_attributes": {"cell": ""}}, "3": {"shape_attributes": {"name": "circle", "cx": 1008, "cy": 889, "r": 14}, "region_attributes": {"cell": ""}}, "4": {"shape_attributes": {"name": "circle", "cx": 1022, "cy": 842, "r": 13}, "region_attributes": {"cell": ""}}, "5": {"shape_attributes": {"name": "circle", "cx": 989, "cy": 839, "r": 15}, "region_attributes": {"cell": ""}}, "6": {"shape_attributes": {"name": "circle", "cx": 916, "cy": 785, "r": 14}, "region_attributes": {"cell": ""}}, "7": {"shape_attributes": {"name": "circle", "cx": 1039, "cy": 894, "r": 14}, "region_attributes": {"cell": ""}}, "8": {"shape_attributes": {"name": "circle", "cx": 1073, "cy": 862, "r": 17}, "region_attributes": {"cell": ""}}}, "file_attributes": {}}, "MAX_Pos0b15.png70939": {"filename": "MAX_Pos0b15.png", "size": 70939, "regions": {"0": {"shape_attributes": {"name": "circle", "cx": 1173, "cy": 726, "r": 15.44}, "region_attributes": {"cell": ""}}, "1": {"shape_attributes": {"name": "circle", "cx": 1186, "cy": 795, "r": 13}, "region_attributes": {"cell": ""}}, "2": {"shape_attributes": {"name": "circle", "cx": 1162, "cy": 796, "r": 12}, "region_attributes": {"cell": ""}}, "3": {"shape_attributes": {"name": "circle", "cx": 1173, "cy": 815, "r": 12.968}, "region_attributes": {"cell": ""}}, "4": {"shape_attributes": {"name": "circle", "cx": 1159, "cy": 846, "r": 13}, "region_attributes": {"cell": ""}}, "5": {"shape_attributes": {"name": "circle", "cx": 1230, "cy": 852, "r": 16}, "region_attributes": {"cell": ""}}, "6": {"shape_attributes": {"name": "circle", "cx": 1258, "cy": 835, "r": 11.691}, "region_attributes": {"cell": ""}}, "7": {"shape_attributes": {"name": "circle", "cx": 1097, "cy": 832, "r": 14.672}, "region_attributes": {"cell": ""}}}, "file_attributes": {}}, "MAX_Pos0b16.png110726": {"filename": "MAX_Pos0b16.png", "size": 110726, "regions": {"0": {"shape_attributes": {"name": "circle", "cx": 1541, "cy": 697, "r": 16}, "region_attributes": {"cell": ""}}, "1": {"shape_attributes": {"name": "circle", "cx": 1600, "cy": 682, "r": 14}, "region_attributes": {"cell": ""}}, "2": {"shape_attributes": {"name": "circle", "cx": 1631, "cy": 689, "r": 11}, "region_attributes": {"cell": ""}}, "3": {"shape_attributes": {"name": "circle", "cx": 1662, "cy": 743, "r": 15}, "region_attributes": {"cell": ""}}, "4": {"shape_attributes": {"name": "circle", "cx": 1691, "cy": 777, "r": 16}, "region_attributes": {"cell": ""}}, "5": {"shape_attributes": {"name": "circle", "cx": 1688, "cy": 861, "r": 17}, "region_attributes": {"cell": ""}}, "6": {"shape_attributes": {"name": "circle", "cx": 1507, "cy": 815, "r": 10}, "region_attributes": {"cell": ""}}, "7": {"shape_attributes": {"name": "circle", "cx": 1511, "cy": 794, "r": 11}, "region_attributes": {"cell": ""}}, "8": {"shape_attributes": {"name": "circle", "cx": 1529, "cy": 786, "r": 16.523}, "region_attributes": {"cell": ""}}, "9": {"shape_attributes": {"name": "circle", "cx": 1667, "cy": 811, "r": 15}, "region_attributes": {"cell": ""}}, "10": {"shape_attributes": {"name": "circle", "cx": 1724, "cy": 760, "r": 15}, "region_attributes": {"cell": ""}}}, "file_attributes": {}}, "MAX_Pos0b17.png55464": {"filename": "MAX_Pos0b17.png", "size": 55464, "regions": {"0": {"shape_attributes": {"name": "circle", "cx": 1898, "cy": 858, "r": 18}, "region_attributes": {"cell": ""}}, "1": {"shape_attributes": {"name": "circle", "cx": 1971, "cy": 808, "r": 20}, "region_attributes": {"cell": ""}}, "2": {"shape_attributes": {"name": "circle", "cx": 1907, "cy": 810, "r": 18}, "region_attributes": {"cell": ""}}}, "file_attributes": {}}, "MAX_Pos0b18.png70236": {"filename": "MAX_Pos0b18.png", "size": 70236, "regions": {"0": {"shape_attributes": {"name": "circle", "cx": 293, "cy": 1240, "r": 16}, "region_attributes": {"cell": ""}}, "1": {"shape_attributes": {"name": "circle", "cx": 347, "cy": 1301, "r": 18.84}, "region_attributes": {"cell": ""}}, "2": {"shape_attributes": {"name": "circle", "cx": 277, "cy": 1320, "r": 16.555}, "region_attributes": {"cell": ""}}, "3": {"shape_attributes": {"name": "circle", "cx": 254, "cy": 1293, "r": 12}, "region_attributes": {"cell": ""}}, "4": {"shape_attributes": {"name": "circle", "cx": 230, "cy": 1261, "r": 11.778}, "region_attributes": {"cell": ""}}, "5": {"shape_attributes": {"name": "circle", "cx": 305, "cy": 1202, "r": 15}, "region_attributes": {"cell": ""}}}, "file_attributes": {}}, "MAX_Pos0b19.png112653": {"filename": "MAX_Pos0b19.png", "size": 112653, "regions": {"0": {"shape_attributes": {"name": "circle", "cx": 646, "cy": 1258, "r": 16}, "region_attributes": {"cell": ""}}, "1": {"shape_attributes": {"name": "circle", "cx": 607, "cy": 1240, "r": 19}, "region_attributes": {"cell": ""}}, "2": {"shape_attributes": {"name": "circle", "cx": 627, "cy": 1124, "r": 16}, "region_attributes": {"cell": ""}}, "3": {"shape_attributes": {"name": "circle", "cx": 560, "cy": 1197, "r": 17}, "region_attributes": {"cell": ""}}, "4": {"shape_attributes": {"name": "circle", "cx": 568, "cy": 1287, "r": 14}, "region_attributes": {"cell": ""}}, "5": {"shape_attributes": {"name": "circle", "cx": 584, "cy": 1316, "r": 14}, "region_attributes": {"cell": ""}}, "6": {"shape_attributes": {"name": "circle", "cx": 446, "cy": 1242, "r": 14}, "region_attributes": {"cell": ""}}, "7": {"shape_attributes": {"name": "circle", "cx": 552, "cy": 1217, "r": 14.784}, "region_attributes": {"cell": ""}}}, "file_attributes": {}}, "MAX_Pos0b20.png98371": {"filename": "MAX_Pos0b20.png", "size": 98371, "regions": {"0": {"shape_attributes": {"name": "circle", "cx": 901, "cy": 1337, "r": 19}, "region_attributes": {"cell": ""}}, "1": {"shape_attributes": {"name": "circle", "cx": 853, "cy": 1146, "r": 12}, "region_attributes": {"cell": ""}}, "2": {"shape_attributes": {"name": "circle", "cx": 920, "cy": 1137, "r": 33}, "region_attributes": {"cell": ""}}, "3": {"shape_attributes": {"name": "circle", "cx": 1035, "cy": 1203, "r": 17}, "region_attributes": {"cell": ""}}, "4": {"shape_attributes": {"name": "circle", "cx": 1000, "cy": 1238, "r": 16}, "region_attributes": {"cell": ""}}, "5": {"shape_attributes": {"name": "circle", "cx": 1038, "cy": 1256, "r": 18}, "region_attributes": {"cell": ""}}}, "file_attributes": {}}, "MAX_Pos0b21.png139390": {"filename": "MAX_Pos0b21.png", "size": 139390, "regions": {"0": {"shape_attributes": {"name": "circle", "cx": 1309, "cy": 1449, "r": 20}, "region_attributes": {"cell": ""}}, "1": {"shape_attributes": {"name": "circle", "cx": 1383, "cy": 1376, "r": 19}, "region_attributes": {"cell": ""}}, "2": {"shape_attributes": {"name": "circle", "cx": 1263, "cy": 1269, "r": 20}, "region_attributes": {"cell": ""}}, "3": {"shape_attributes": {"name": "circle", "cx": 1263, "cy": 1309, "r": 15}, "region_attributes": {"cell": ""}}, "4": {"shape_attributes": {"name": "circle", "cx": 1240, "cy": 1329, "r": 17}, "region_attributes": {"cell": ""}}, "5": {"shape_attributes": {"name": "circle", "cx": 1204, "cy": 1370, "r": 12}, "region_attributes": {"cell": ""}}, "6": {"shape_attributes": {"name": "circle", "cx": 1186, "cy": 1376, "r": 13}, "region_attributes": {"cell": ""}}, "7": {"shape_attributes": {"name": "circle", "cx": 1164, "cy": 1369, "r": 14}, "region_attributes": {"cell": ""}}, "8": {"shape_attributes": {"name": "circle", "cx": 1121, "cy": 1349, "r": 11.682}, "region_attributes": {"cell": ""}}, "9": {"shape_attributes": {"name": "circle", "cx": 1122, "cy": 1397, "r": 18}, "region_attributes": {"cell": ""}}, "10": {"shape_attributes": {"name": "circle", "cx": 1135, "cy": 1319, "r": 17}, "region_attributes": {"cell": ""}}}, "file_attributes": {}}, "MAX_Pos0b22.png136205": {"filename": "MAX_Pos0b22.png", "size": 136205, "regions": {"0": {"shape_attributes": {"name": "circle", "cx": 1719, "cy": 1323, "r": 15.979}, "region_attributes": {"cell": ""}}, "1": {"shape_attributes": {"name": "circle", "cx": 1694, "cy": 1353, "r": 12}, "region_attributes": {"cell": ""}}, "2": {"shape_attributes": {"name": "circle", "cx": 1628, "cy": 1297, "r": 18}, "region_attributes": {"cell": ""}}, "3": {"shape_attributes": {"name": "circle", "cx": 1626, "cy": 1255, "r": 20}, "region_attributes": {"cell": ""}}, "4": {"shape_attributes": {"name": "circle", "cx": 1713, "cy": 1200, "r": 19}, "region_attributes": {"cell": ""}}, "5": {"shape_attributes": {"name": "circle", "cx": 1599, "cy": 1180, "r": 14}, "region_attributes": {"cell": ""}}, "6": {"shape_attributes": {"name": "circle", "cx": 1552, "cy": 1143, "r": 18}, "region_attributes": {"cell": ""}}, "7": {"shape_attributes": {"name": "circle", "cx": 1599, "cy": 1144, "r": 12}, "region_attributes": {"cell": ""}}, "8": {"shape_attributes": {"name": "circle", "cx": 1642, "cy": 1071, "r": 18}, "region_attributes": {"cell": ""}}, "9": {"shape_attributes": {"name": "circle", "cx": 1738, "cy": 1083, "r": 15}, "region_attributes": {"cell": ""}}}, "file_attributes": {}}, "MAX_Pos0b23.png122004": {"filename": "MAX_Pos0b23.png", "size": 122004, "regions": {"0": {"shape_attributes": {"name": "circle", "cx": 148, "cy": 1421, "r": 14}, "region_attributes": {"cell": ""}}, "1": {"shape_attributes": {"name": "circle", "cx": 145, "cy": 1449, "r": 13}, "region_attributes": {"cell": ""}}, "2": {"shape_attributes": {"name": "circle", "cx": 170, "cy": 1502, "r": 13}, "region_attributes": {"cell": ""}}, "3": {"shape_attributes": {"name": "circle", "cx": 195, "cy": 1549, "r": 15}, "region_attributes": {"cell": ""}}, "4": {"shape_attributes": {"name": "circle", "cx": 223, "cy": 1549, "r": 9}, "region_attributes": {"cell": ""}}, "5": {"shape_attributes": {"name": "circle", "cx": 264, "cy": 1465, "r": 11}, "region_attributes": {"cell": ""}}, "6": {"shape_attributes": {"name": "circle", "cx": 241, "cy": 1410, "r": 14}, "region_attributes": {"cell": ""}}, "7": {"shape_attributes": {"name": "circle", "cx": 319, "cy": 1449, "r": 16}, "region_attributes": {"cell": ""}}, "8": {"shape_attributes": {"name": "circle", "cx": 365, "cy": 1530, "r": 12}, "region_attributes": {"cell": ""}}, "9": {"shape_attributes": {"name": "circle", "cx": 345, "cy": 1550, "r": 15}, "region_attributes": {"cell": ""}}, "10": {"shape_attributes": {"name": "circle", "cx": 322, "cy": 1508, "r": 14}, "region_attributes": {"cell": ""}}, "11": {"shape_attributes": {"name": "circle", "cx": 294, "cy": 1496, "r": 15}, "region_attributes": {"cell": ""}}, "12": {"shape_attributes": {"name": "circle", "cx": 374, "cy": 1576, "r": 14}, "region_attributes": {"cell": ""}}, "13": {"shape_attributes": {"name": "circle", "cx": 213, "cy": 1569, "r": 12}, "region_attributes": {"cell": ""}}}, "file_attributes": {}}, "MAX_Pos0b24.png65488": {"filename": "MAX_Pos0b24.png", "size": 65488, "regions": {"0": {"shape_attributes": {"name": "circle", "cx": 759, "cy": 1546, "r": 18}, "region_attributes": {"cell": ""}}, "1": {"shape_attributes": {"name": "circle", "cx": 713, "cy": 1610, "r": 18}, "region_attributes": {"cell": ""}}, "2": {"shape_attributes": {"name": "circle", "cx": 687, "cy": 1629, "r": 22}, "region_attributes": {"cell": ""}}}, "file_attributes": {}}, "MAX_Pos0b25.png76875": {"filename": "MAX_Pos0b25.png", "size": 76875, "regions": {"0": {"shape_attributes": {"name": "circle", "cx": 1311, "cy": 1450, "r": 17}, "region_attributes": {"cell": ""}}, "1": {"shape_attributes": {"name": "circle", "cx": 1404, "cy": 1548, "r": 19}, "region_attributes": {"cell": ""}}, "2": {"shape_attributes": {"name": "circle", "cx": 1233, "cy": 1547, "r": 13}, "region_attributes": {"cell": ""}}, "3": {"shape_attributes": {"name": "circle", "cx": 1247, "cy": 1486, "r": 14}, "region_attributes": {"cell": ""}}, "4": {"shape_attributes": {"name": "circle", "cx": 1237, "cy": 1520, "r": 13}, "region_attributes": {"cell": ""}}}, "file_attributes": {}}, "MAX_Pos0b26.png67998": {"filename": "MAX_Pos0b26.png", "size": 67998, "regions": {"0": {"shape_attributes": {"name": "circle", "cx": 1769, "cy": 1639, "r": 20}, "region_attributes": {"cell": ""}}, "1": {"shape_attributes": {"name": "circle", "cx": 1840, "cy": 1694, "r": 10}, "region_attributes": {"cell": ""}}, "2": {"shape_attributes": {"name": "circle", "cx": 1841, "cy": 1591, "r": 18}, "region_attributes": {"cell": ""}}, "3": {"shape_attributes": {"name": "circle", "cx": 1856, "cy": 1555, "r": 16}, "region_attributes": {"cell": ""}}, "4": {"shape_attributes": {"name": "circle", "cx": 1861, "cy": 1706, "r": 14}, "region_attributes": {"cell": ""}}}, "file_attributes": {}}, "MAX_Pos0b27.png79778": {"filename": "MAX_Pos0b27.png", "size": 79778, "regions": {"0": {"shape_attributes": {"name": "circle", "cx": 258, "cy": 1810, "r": 13}, "region_attributes": {"cell": ""}}, "1": {"shape_attributes": {"name": "circle", "cx": 244, "cy": 1795, "r": 13}, "region_attributes": {"cell": ""}}, "2": {"shape_attributes": {"name": "circle", "cx": 233, "cy": 1812, "r": 12}, "region_attributes": {"cell": ""}}, "3": {"shape_attributes": {"name": "circle", "cx": 208, "cy": 1814, "r": 11}, "region_attributes": {"cell": ""}}, "4": {"shape_attributes": {"name": "circle", "cx": 166, "cy": 1812, "r": 15}, "region_attributes": {"cell": ""}}, "5": {"shape_attributes": {"name": "circle", "cx": 224, "cy": 1757, "r": 12}, "region_attributes": {"cell": ""}}}, "file_attributes": {}}, "MAX_Pos0b28.png92394": {"filename": "MAX_Pos0b28.png", "size": 92394, "regions": {"0": {"shape_attributes": {"name": "circle", "cx": 762, "cy": 1787, "r": 12}, "region_attributes": {"cell": ""}}, "1": {"shape_attributes": {"name": "circle", "cx": 706, "cy": 1820, "r": 13}, "region_attributes": {"cell": ""}}, "2": {"shape_attributes": {"name": "circle", "cx": 681, "cy": 1766, "r": 13}, "region_attributes": {"cell": ""}}, "3": {"shape_attributes": {"name": "circle", "cx": 623, "cy": 1799, "r": 15}, "region_attributes": {"cell": ""}}, "4": {"shape_attributes": {"name": "circle", "cx": 629, "cy": 1865, "r": 12}, "region_attributes": {"cell": ""}}, "5": {"shape_attributes": {"name": "circle", "cx": 661, "cy": 1877, "r": 11}, "region_attributes": {"cell": ""}}, "6": {"shape_attributes": {"name": "circle", "cx": 688, "cy": 1887, "r": 9}, "region_attributes": {"cell": ""}}, "7": {"shape_attributes": {"name": "circle", "cx": 709, "cy": 1898, "r": 9}, "region_attributes": {"cell": ""}}, "8": {"shape_attributes": {"name": "circle", "cx": 733, "cy": 1898, "r": 15}, "region_attributes": {"cell": ""}}, "9": {"shape_attributes": {"name": "circle", "cx": 556, "cy": 1769, "r": 11}, "region_attributes": {"cell": ""}}, "10": {"shape_attributes": {"name": "circle", "cx": 536, "cy": 1856, "r": 10}, "region_attributes": {"cell": ""}}, "11": {"shape_attributes": {"name": "circle", "cx": 579, "cy": 1900, "r": 13}, "region_attributes": {"cell": ""}}, "12": {"shape_attributes": {"name": "circle", "cx": 558, "cy": 1865, "r": 13}, "region_attributes": {"cell": ""}}, "13": {"shape_attributes": {"name": "circle", "cx": 535, "cy": 1768, "r": 12}, "region_attributes": {"cell": ""}}}, "file_attributes": {}}, "MAX_Pos0b29.png43550": {"filename": "MAX_Pos0b29.png", "size": 43550, "regions": {"0": {"shape_attributes": {"name": "circle", "cx": 976, "cy": 1822, "r": 10}, "region_attributes": {"cell": ""}}, "1": {"shape_attributes": {"name": "circle", "cx": 989, "cy": 1804, "r": 12}, "region_attributes": {"cell": ""}}, "2": {"shape_attributes": {"name": "circle", "cx": 968, "cy": 1785, "r": 13}, "region_attributes": {"cell": ""}}, "3": {"shape_attributes": {"name": "circle", "cx": 995, "cy": 1781, "r": 12.715}, "region_attributes": {"cell": ""}}, "4": {"shape_attributes": {"name": "circle", "cx": 916, "cy": 1760, "r": 13}, "region_attributes": {"cell": ""}}, "5": {"shape_attributes": {"name": "circle", "cx": 909, "cy": 1786, "r": 14}, "region_attributes": {"cell": ""}}}, "file_attributes": {}}, "MAX_Pos0b30.png61379": {"filename": "MAX_Pos0b30.png", "size": 61379, "regions": {"0": {"shape_attributes": {"name": "circle", "cx": 1268, "cy": 1855, "r": 13}, "region_attributes": {"cell": ""}}, "1": {"shape_attributes": {"name": "circle", "cx": 1235, "cy": 1842, "r": 13}, "region_attributes": {"cell": ""}}, "2": {"shape_attributes": {"name": "circle", "cx": 1201, "cy": 1803, "r": 13}, "region_attributes": {"cell": ""}}, "3": {"shape_attributes": {"name": "circle", "cx": 1119, "cy": 1814, "r": 17}, "region_attributes": {"cell": ""}}}, "file_attributes": {}}, "MAX_Pos0b31.png62476": {"filename": "MAX_Pos0b31.png", "size": 62476, "regions": {"0": {"shape_attributes": {"name": "circle", "cx": 1426, "cy": 1937, "r": 18}, "region_attributes": {"cell": ""}}, "1": {"shape_attributes": {"name": "circle", "cx": 1432, "cy": 1893, "r": 12}, "region_attributes": {"cell": ""}}, "2": {"shape_attributes": {"name": "circle", "cx": 1464, "cy": 1991, "r": 14}, "region_attributes": {"cell": ""}}, "3": {"shape_attributes": {"name": "circle", "cx": 1395, "cy": 1860, "r": 14}, "region_attributes": {"cell": ""}}, "4": {"shape_attributes": {"name": "circle", "cx": 1418, "cy": 1870, "r": 12}, "region_attributes": {"cell": ""}}}, "file_attributes": {}}, "MAX_Pos0b32.png118607": {"filename": "MAX_Pos0b32.png", "size": 118607, "regions": {"0": {"shape_attributes": {"name": "circle", "cx": 1846, "cy": 1912, "r": 15}, "region_attributes": {"cell": ""}}, "1": {"shape_attributes": {"name": "circle", "cx": 1806, "cy": 1891, "r": 16}, "region_attributes": {"cell": ""}}, "2": {"shape_attributes": {"name": "circle", "cx": 1790, "cy": 1847, "r": 14}, "region_attributes": {"cell": ""}}, "3": {"shape_attributes": {"name": "circle", "cx": 1767, "cy": 1856, "r": 13}, "region_attributes": {"cell": ""}}, "4": {"shape_attributes": {"name": "circle", "cx": 1734, "cy": 1911, "r": 15}, "region_attributes": {"cell": ""}}, "5": {"shape_attributes": {"name": "circle", "cx": 1697, "cy": 1929, "r": 10}, "region_attributes": {"cell": ""}}, "6": {"shape_attributes": {"name": "circle", "cx": 1672, "cy": 1921, "r": 9}, "region_attributes": {"cell": ""}}, "7": {"shape_attributes": {"name": "circle", "cx": 1681, "cy": 1858, "r": 11}, "region_attributes": {"cell": ""}}, "8": {"shape_attributes": {"name": "circle", "cx": 1665, "cy": 1847, "r": 11}, "region_attributes": {"cell": ""}}, "9": {"shape_attributes": {"name": "circle", "cx": 1653, "cy": 1786, "r": 15}, "region_attributes": {"cell": ""}}, "10": {"shape_attributes": {"name": "circle", "cx": 1733, "cy": 1777, "r": 12}, "region_attributes": {"cell": ""}}, "11": {"shape_attributes": {"name": "circle", "cx": 1773, "cy": 1767, "r": 12}, "region_attributes": {"cell": ""}}, "12": {"shape_attributes": {"name": "circle", "cx": 1784, "cy": 1795, "r": 15}, "region_attributes": {"cell": ""}}}, "file_attributes": {}}}